,Structural,Compositional,Recall,Precision,$\rho$,$E$,# Elements
WyFormer,100.0,100.0,77.2,98.42364532019704,1.1107893080075113,0.10204740522412832,0.0
WyForDiffCSP++,99.7,81.39999999999999,0.0,0.0,3.3654043303570123,0.41981719697100867,2.087546239210851
DiffCSP,100.0,100.0,98.41,99.80295566502463,0.07648932028274688,0.04499201659404585,0.0
