,Structural,Compositional,Recall,Precision,$\rho$,$E$,# Elements
WyFormer,100.0,100.0,77.2,98.42364532019704,1.1107893080075113,0.10204740522412832,0.0
WyForDiffCSP++,100.0,100.0,7.3,29.064039408866993,1.6264513850866908,0.9082446223291859,0.0
DiffCSP,100.0,100.0,98.41,99.80295566502463,0.07648932028274688,0.04499201659404585,0.0
