,Structural,Compositional,Recall,Precision,$\rho$,$E$,# Elements
WyFormer,99.2964824120603,76.68341708542712,95.55555555555556,95.03458498023716,0.6082995962204869,0.47946791086727,0.3761294453349765
