,Structural,Compositional,Recall,Precision,$\rho$,$E$,# Elements
WyFormer,,,,,,,
SymmCD,100.0,80.19629225736095,97.77777777777777,95.4792490118577,1.0744647961211726,0.6406332915650907,0.36436698965151393
WyFormer-CHGNet,99.2964824120603,76.68341708542712,95.55555555555556,95.03458498023716,0.6082995962204869,0.47946791086727,0.3761294453349765
SymmCD-CHGNet,96.97412823397076,80.21372328458942,97.0,97.36907114624506,0.8007248979938516,0.5529966279338796,0.359354437522081
