Method,Novelty (%),Structural,Compositional,Recall,Precision,$\rho$,$E$,# Elements,S.U.N. (%),Novel Template (%),P1 (%),Space Group,S.S.U.N. (%)
WyckoffTransformer,91.1911911911912,99.89023051591658,77.27771679473106,98.90230515916575,96.75470637819612,0.830387248941893,0.06372259700887126,0.08376473203671855,38.43843843843844,25.625625625625624,1.4285714285714286,0.22361710234826535,37.93793793793794
WyCryst,52.61569416498994,99.80879541108987,75.52581261950286,98.8527724665392,89.26664793481315,1.3472732808732757,0.1277302033479581,0.002892671862064655,36.61971830985915,18.51106639839034,4.789272030651341,0.8151081742956834,35.2112676056338
