Method,Novelty (%),Structural,Compositional,Recall,Precision,$\rho$,$E$,# Elements,S.U.N. (%),Novel Template (%),P1 (%),Space Group,S.S.U.N. (%)
FlowMM,90.14084507042253,96.20535714285714,82.47767857142857,99.66517857142857,96.36142446361424,0.31530660638168434,0.04447615071503733,0.11466828427893327,49.54864593781344,6.1368209255533195,49.303944315545245,14.007995296326849,29.889669007021062
