Method,Novelty (%),Structural,Compositional,Recall,Precision,$\rho$,$E$,# Elements,S.U.N. (%),Novel Template (%),P1 (%),Space Group,S.S.U.N. (%)
WyckoffTransformer-CrySPR,90.0,99.55555555555556,80.44444444444444,98.66666666666667,96.71532846715328,0.7371396679895612,0.05315873754681419,0.09656622270673369,38.93893893893894,19.8,3.2366071428571432,0.22267741760283166,38.03803803803804
WyckoffTransformer-DiffCSP++,89.5,99.66480446927373,80.33519553072625,99.21787709497207,96.79274496792745,0.6652909743784234,0.05032758412844595,0.09818777940116036,36.6,20.0,1.4573991031390134,0.2119506828106208,35.9
CrystalFormer,76.92307692307692,86.8421052631579,82.36842105263158,99.86842105263159,95.1338199513382,0.5241710495816454,0.09955476659690615,0.16301703163017034,33.87096774193548,9.7165991902834,0.9090909090909091,0.2761611517064445,33.770161290322584
DiffCSP++,89.68968968968969,100.0,85.04464285714286,99.33035714285714,95.7973899579739,0.14783724827410663,0.03612210843958702,0.5036316139760482,41.4,1.001001001001001,2.5669642857142856,0.25524956101022167,40.8
DiffCSP,90.06024096385542,100.0,80.93645484949833,99.55406911928651,96.20659146206592,0.8223778665208038,0.05240947126859048,0.2936360159463936,57.4,9.538152610441768,36.56633221850613,7.988511176970545,40.6
FlowMM,89.4396315385459,100.0,81.92741539970574,99.66895537027955,99.63503649635037,0.4897326866809333,0.03551199197627019,0.13064274516861468,,8.992214058559053,44.27415399705738,12.423175854783405,
