Split,Model,MAE_log10,R2_log10,MAE_linear
space_group,GradientBoosting,0.24693068890829645,0.696631531942814,10.923533213866314
space_group,RandomForest,0.25735756694786777,0.6758415395013343,11.013395710744344
space_group,Ensemble(ET+RF),0.25750495054229183,0.6851953311250112,10.895175187484995
space_group,ExtraTrees,0.2634341223163495,0.6832654934803604,10.976082420672846
