Split,Model,MAE_log10,R2_log10,MAE_linear
ood,GradientBoosting,0.6874210119852183,-6.377197036903397,2.1263762722753996
ood,RandomForest,0.7202996981545131,-6.899912151972125,1.960427795900203
ood,Ensemble(ET+RF),0.7339308163694512,-7.229486240910976,2.1246426653094455
ood,ExtraTrees,0.7475653956723792,-7.669192597344763,2.6709375631579206
