Split,Model,MAE_log10,R2_log10,MAE_linear
random,ExtraTrees,0.18524501223102924,0.7644988123475004,9.936924972441899
random,Ensemble(ET+RF),0.1915654610406952,0.7636357234659172,9.677496489341495
random,RandomForest,0.20432662794064438,0.7382458774698104,9.8639450983527
random,GradientBoosting,0.22674697376363626,0.72386136069364,10.077187530346746
