Split,Model,MAE_log10,R2_log10,MAE_linear
ood,GradientBoosting,0.6877930367160756,-6.384800172311819,2.130160483061899
ood,RandomForest,0.7201775788247909,-6.895319184282064,1.9586271851640613
ood,Ensemble(ET+RF),0.7334896226973381,-7.220456656829919,2.1228810547863324
ood,ExtraTrees,0.7468049473497779,-7.658925575036047,2.6898863981337215
