Split,Model,MAE_log10,R2_log10,MAE_linear
random,ExtraTrees,0.18486416136293848,0.7653338684446382,9.8625790495397
random,Ensemble(ET+RF),0.19127320507860204,0.7643463618457961,9.660064930938026
random,RandomForest,0.20440173527243624,0.7384722966346586,9.869811584007987
random,GradientBoosting,0.22678505275682997,0.7230243655799593,10.118352705752793
