Split,Model,MAE_log10,R2_log10,MAE_linear
space_group,GradientBoosting,0.24857434971607306,0.688595406529572,10.921740759424107
space_group,Ensemble(ET+RF),0.25675703803557476,0.6862405068118429,10.863721129559238
space_group,RandomForest,0.2573903532667797,0.6760608196368445,11.010774636996134
space_group,ExtraTrees,0.26198981416988515,0.6853577445553318,10.912311417603728
